City_ID,City,Country,Lat,Lng,Max Temp,Humidity,Cloudiness,Wind Speed,Current Description
0,Vaini,TO,-21.2,-175.2,80.6,74,20,11.5,few clouds
1,Mathbaria,BD,22.2876,89.9593,82.6,53,0,2.48,clear sky
2,Punta Arenas,CL,-53.15,-70.9167,39.2,75,0,6.91,clear sky
3,Cherskiy,RU,68.75,161.3,2.53,86,48,3.44,scattered clouds
4,Havelock,US,34.8791,-76.9013,60.01,76,1,10.36,clear sky
5,Port Elizabeth,ZA,-33.918,25.5701,64.4,94,90,17.27,light rain
6,Jamestown,US,42.097,-79.2353,44.6,53,1,3.44,clear sky
7,Cape Town,ZA,-33.9258,18.4232,64.0,88,0,10.36,clear sky
8,Mataura,NZ,-46.1927,168.8643,57.0,58,100,25.99,overcast clouds
9,Lata,PT,40.1629,-8.3327,55.0,93,75,3.44,mist
10,Rikitea,PF,-23.1203,-134.9692,78.12,65,14,17.67,few clouds
11,Guerrero Negro,MX,27.9769,-114.0611,61.39,79,51,16.53,broken clouds
12,Hermanus,ZA,-34.4187,19.2345,63.0,91,100,1.01,overcast clouds
13,Hambantota,LK,6.1241,81.1185,73.4,100,20,3.44,few clouds
14,Nikolskoye,RU,59.7035,30.7861,37.99,70,75,6.71,broken clouds
15,Geraldton,AU,-28.7667,114.6,77.0,69,90,16.11,overcast clouds
16,Qaanaaq,GL,77.484,-69.3632,-11.81,56,16,9.82,few clouds
17,Kapaa,US,22.0752,-159.319,75.2,60,90,16.11,overcast clouds
18,Muros,ES,42.7762,-9.0603,51.01,68,0,1.99,clear sky
19,Hilo,US,19.7297,-155.09,75.2,73,90,5.75,heavy intensity rain
20,Frolishchi,RU,56.4211,42.6533,25.48,95,94,5.44,light snow
21,Bethel,US,41.3712,-73.414,53.6,35,1,10.6,clear sky
22,Yeppoon,AU,-23.1333,150.7333,75.2,88,90,11.5,light rain
23,Yellowknife,CA,62.456,-114.3525,24.01,46,75,4.61,broken clouds
24,Joshimath,IN,30.5667,79.5667,59.61,36,38,2.46,scattered clouds
25,Povorino,RU,51.1945,42.2457,33.01,91,16,6.13,few clouds
26,Rudnyy,KZ,52.9594,63.1206,28.4,100,90,8.95,mist
27,Thompson,CA,55.7435,-97.8558,39.2,38,90,4.61,overcast clouds
28,Bredasdorp,ZA,-34.5322,20.0403,62.6,94,100,3.44,light rain
29,Butaritari,KI,3.0707,172.7902,82.51,78,92,14.23,overcast clouds
30,Tarakan,ID,3.3,117.6333,81.5,76,96,6.49,overcast clouds
31,Puerto Ayora,EC,-0.7393,-90.3518,77.0,94,31,2.66,scattered clouds
32,Caravelas,BR,-17.7125,-39.2481,76.39,78,9,7.0,clear sky
33,Carutapera,BR,-1.195,-46.02,75.56,95,100,6.02,overcast clouds
34,Beringovskiy,RU,63.05,179.3167,9.79,75,100,8.66,overcast clouds
35,Harur,IN,12.0667,78.5,80.1,64,14,2.01,few clouds
36,Maceio,BR,-9.6658,-35.7353,75.2,94,75,2.3,broken clouds
37,Ushuaia,AR,-54.8,-68.3,39.2,75,40,19.57,light snow
38,Kungurtug,RU,50.5994,97.5228,29.61,70,4,1.34,clear sky
39,Norman Wells,CA,65.282,-126.8329,30.2,55,75,5.75,broken clouds
40,Carnarvon,AU,-24.8667,113.6333,82.4,65,88,19.57,overcast clouds
41,Cacheu,GW,12.2706,-16.1658,73.4,83,0,6.91,clear sky
42,Zlocieniec,PL,53.5329,16.0113,37.99,82,100,8.01,overcast clouds
43,Severo-Kurilsk,RU,50.6789,156.125,29.89,80,100,14.12,overcast clouds
44,Asau,RO,46.4333,26.4,33.01,66,12,3.29,light snow
45,Lorengau,PG,-2.0226,147.2712,81.43,78,100,4.56,overcast clouds
46,Santa Cruz Del Sur,CU,20.7147,-77.9956,71.42,59,0,18.97,clear sky
47,San Cristobal,VE,7.7669,-72.225,77.0,94,75,2.3,broken clouds
48,Iqaluit,CA,63.7506,-68.5145,10.4,79,90,11.5,light snow
49,Provideniya,RU,64.3833,-173.3,8.6,61,0,2.24,clear sky
50,Annau,TM,37.8876,58.516,44.6,76,0,4.61,clear sky
51,Pisco,PE,-13.7,-76.2167,73.4,83,20,2.3,few clouds
52,Arraial Do Cabo,BR,-22.9661,-42.0278,75.54,73,53,10.96,broken clouds
53,Bondo,CD,3.8146,23.6866,71.28,82,49,2.04,scattered clouds
54,Muborak,UZ,39.2553,65.1528,48.61,54,3,3.24,clear sky
55,Upernavik,GL,72.7868,-56.1549,-16.49,95,70,5.53,broken clouds
56,Dikson,RU,73.5069,80.5464,9.72,91,100,6.31,overcast clouds
57,Albany,US,42.6001,-73.9662,48.99,53,27,1.01,scattered clouds
58,Barrow,US,71.2906,-156.7887,-0.4,65,1,12.66,clear sky
59,Mogadishu,SO,2.0371,45.3438,80.91,78,84,5.57,broken clouds
60,Faanui,PF,-16.4833,-151.75,82.33,75,16,14.99,few clouds
61,Shimoda,JP,34.6667,138.95,64.4,82,75,13.8,broken clouds
62,Mandalgovi,MN,45.7625,106.2708,42.06,19,67,6.31,broken clouds
63,Hami,CN,42.8,93.45,54.77,30,53,11.41,broken clouds
64,Hobart,AU,-42.8794,147.3294,66.99,52,40,9.22,scattered clouds
65,Karratha,AU,-20.7377,116.8463,92.35,26,44,5.64,scattered clouds
66,Gambela,ET,8.25,34.5833,81.05,54,99,1.25,overcast clouds
67,Pevek,RU,69.7008,170.3133,-4.23,89,96,5.46,overcast clouds
68,Mar Del Plata,AR,-38.0023,-57.5575,68.0,94,75,5.75,broken clouds
69,Saint-Pierre,RE,-21.3393,55.4781,77.0,69,0,6.91,clear sky
70,Talnakh,RU,69.4865,88.3972,9.12,74,100,12.1,overcast clouds
71,Atuona,PF,-9.8,-139.0333,80.13,79,76,8.55,light rain
72,Kirs,RU,59.3388,52.2447,14.11,98,57,2.98,broken clouds
73,Dongsheng,CN,39.8161,109.9776,39.99,64,98,20.83,light rain
74,Tasiilaq,GL,65.6145,-37.6368,21.2,73,90,14.97,light snow
75,East London,ZA,-33.0153,27.9116,68.23,71,76,13.31,broken clouds
76,Fortuna,US,40.5982,-124.1573,53.01,87,90,10.36,overcast clouds
77,Victoria,HK,22.2855,114.1577,73.0,84,100,3.0,overcast clouds
78,Potsdam,DE,52.3989,13.0657,39.99,85,98,3.0,overcast clouds
79,San Estanislao,CO,10.3983,-75.1511,80.6,78,40,8.05,scattered clouds
80,Christchurch,NZ,-43.5333,172.6333,84.99,20,5,18.41,clear sky
81,Elat,IL,29.5581,34.9482,64.4,29,0,16.11,clear sky
82,Palafrugell,ES,41.9174,3.1631,46.0,81,40,2.3,scattered clouds
83,Cidreira,BR,-30.1811,-50.2056,72.63,76,4,18.63,clear sky
84,Baft,IR,29.234,56.6057,46.99,13,6,3.09,clear sky
85,Kokoda,PG,-8.8785,147.7407,88.65,59,98,4.41,overcast clouds
86,Virginia Beach,US,36.8529,-75.978,55.99,66,1,1.34,clear sky
87,Kaitangata,NZ,-46.2817,169.8464,57.99,53,92,15.01,overcast clouds
88,Hithadhoo,MV,-0.6,73.0833,83.08,75,40,16.08,scattered clouds
89,New Norfolk,AU,-42.7826,147.0587,68.0,49,70,3.0,broken clouds
90,Katsuura,JP,35.1333,140.3,62.6,100,75,13.8,mist
91,Ajaccio,FR,42.0,8.9167,46.4,87,0,10.36,clear sky
92,Nemuro,JP,43.3236,145.575,39.2,52,75,9.22,broken clouds
93,Saskylakh,RU,71.9167,114.0833,-5.8,86,5,5.39,clear sky
94,Kruisfontein,ZA,-34.0033,24.7314,64.99,83,100,10.58,light rain
95,Beyla,GN,8.6833,-8.6333,73.29,77,48,4.32,scattered clouds
96,Korla,CN,41.7597,86.1469,50.88,24,66,7.43,broken clouds
97,Bulgan,MN,48.8125,103.5347,36.1,51,18,6.42,few clouds
98,Leningradskiy,RU,69.3833,178.4167,7.43,82,100,1.59,overcast clouds
99,Atar,MR,20.5169,-13.0499,78.85,12,54,9.04,broken clouds
100,Bambous Virieux,MU,-20.3428,57.7575,80.01,77,25,5.99,scattered clouds
101,Hervey Bay,AU,-25.2986,152.8535,77.0,95,100,5.99,overcast clouds
102,Ayorou,NE,14.7308,0.9174,78.76,8,0,7.11,clear sky
103,Bluff,NZ,-46.6,168.3333,57.0,58,100,25.99,overcast clouds
104,Buraydah,SA,26.326,43.975,59.0,36,0,2.3,clear sky
105,Massakory,TD,12.996,15.7293,81.16,12,0,13.58,clear sky
106,Beeville,US,28.4008,-97.7483,66.99,82,1,5.75,clear sky
107,Maniitsoq,GL,65.4167,-52.9,22.64,82,100,6.78,overcast clouds
108,Abbeville,FR,50.1,1.8333,46.0,70,56,13.91,broken clouds
109,Port Alfred,ZA,-33.5906,26.891,68.09,83,100,11.92,overcast clouds
110,Georgetown,MY,5.4112,100.3354,87.01,84,20,5.75,few clouds
111,Jamsa,FI,61.8642,25.19,35.6,93,90,12.66,light rain
112,Camacha,PT,33.0833,-16.3333,59.0,77,20,1.32,few clouds
113,Sept-Iles,CA,50.2001,-66.3821,36.0,93,90,8.05,overcast clouds
114,Chokurdakh,RU,70.6333,147.9167,-8.27,85,6,4.21,clear sky
115,Sao Filipe,CV,14.8961,-24.4956,73.53,71,0,7.11,clear sky
116,Mackay,AU,-21.15,149.2,77.0,83,90,5.75,light rain
117,Manggar,ID,-2.8833,108.2667,85.24,66,99,8.16,overcast clouds
118,Labuhan,ID,-6.8844,112.2051,82.22,75,100,6.62,overcast clouds
119,Tetlanohcan,MX,19.2625,-98.1653,60.8,31,40,4.61,scattered clouds
120,Muzaffarabad,PK,34.37,73.4711,59.94,73,99,6.24,overcast clouds
121,Paita,PE,-5.0892,-81.1144,71.98,78,46,10.49,scattered clouds
122,Camargo,MX,27.6667,-105.1667,77.97,23,0,8.95,clear sky
123,Airai,TL,-8.9266,125.4092,64.4,90,100,4.88,overcast clouds
124,Port Maria,JM,18.3685,-76.8895,77.0,93,46,1.01,scattered clouds
125,Lagoa,PT,39.05,-27.9833,59.81,84,40,15.37,scattered clouds
126,Isla Vista,US,34.4133,-119.861,66.0,68,99,1.99,overcast clouds
127,Ilulissat,GL,69.2167,-51.1,19.4,73,75,11.5,broken clouds
128,Akersberga,SE,59.4794,18.2997,42.01,83,100,5.99,overcast clouds
129,Srednekolymsk,RU,67.45,153.6833,11.71,78,32,11.12,scattered clouds
130,Hasaki,JP,35.7333,140.8333,55.4,94,75,18.41,mist
131,Kodiak,US,57.79,-152.4072,46.4,46,20,16.11,few clouds
132,Shu,KZ,43.5983,73.7614,45.0,53,100,7.99,overcast clouds
133,Mahebourg,MU,-20.4081,57.7,80.01,77,25,5.99,scattered clouds
134,Hibbing,US,47.4272,-92.9377,48.2,46,1,3.44,clear sky
135,Stanislav,UA,46.5691,32.1478,35.6,93,40,0.65,mist
136,Constitucion,CL,-35.3333,-72.4167,57.0,85,97,6.82,overcast clouds
137,Busselton,AU,-33.65,115.3333,75.0,71,3,1.01,clear sky
138,Lebu,CL,-37.6167,-73.65,54.07,90,100,12.5,overcast clouds
139,Huilong,CN,31.8111,121.655,61.0,44,3,12.1,clear sky
140,Moron,AR,-34.6534,-58.6198,72.0,91,0,3.0,clear sky
141,Umba,RU,66.6871,34.3429,33.78,99,100,11.56,overcast clouds
142,Camabatela,AO,-8.1881,15.375,62.33,94,100,4.34,overcast clouds
143,Bengkulu,ID,-3.8004,102.2655,81.68,70,100,8.66,overcast clouds
144,Assiniboia,CA,49.6334,-105.9845,51.8,35,100,10.36,overcast clouds
145,Prince Rupert,CA,54.3161,-130.3201,42.8,81,90,3.44,overcast clouds
146,Codrington,AU,-38.2667,141.9667,64.26,51,4,10.65,clear sky
147,Hay River,CA,60.8156,-115.7999,19.4,58,82,5.75,broken clouds
148,Tipuani,BO,-15.5648,-68.0185,68.32,97,85,2.1,overcast clouds
149,Kahului,US,20.8947,-156.47,73.4,88,75,19.57,light rain
150,Tuktoyaktuk,CA,69.4541,-133.0374,12.2,85,90,17.27,snow
151,Khatanga,RU,71.9667,102.5,-0.36,81,10,14.56,clear sky
152,Denpasar,ID,-8.65,115.2167,86.0,74,20,8.05,few clouds
153,Juegang,CN,32.3174,121.1855,59.0,44,6,1.99,clear sky
154,Ribeira Grande,PT,38.5167,-28.7,61.21,79,94,14.45,overcast clouds
155,Bereda,ES,43.2686,-7.5406,37.0,100,34,1.01,scattered clouds
156,Suihua,CN,46.6406,126.9969,55.78,23,42,15.86,scattered clouds
157,Vardo,NO,70.3705,31.1107,35.6,86,89,14.56,overcast clouds
158,Northam,GB,51.0333,-4.2167,46.99,89,96,4.0,overcast clouds
159,Kudahuvadhoo,MV,2.6708,72.8944,83.71,72,30,11.52,scattered clouds
160,Avarua,CK,-21.2078,-159.775,80.6,89,40,6.91,light rain
161,Tefe,BR,-3.3542,-64.7114,73.58,98,60,2.46,light rain
162,Winslow,US,35.0242,-110.6974,66.0,21,3,9.19,clear sky
163,Ryotsu,JP,38.0833,138.4333,50.0,66,75,13.8,broken clouds
164,Ponta Do Sol,PT,32.6667,-17.1,55.99,67,91,5.01,overcast clouds
165,Elk Plain,US,47.0532,-122.3976,46.4,42,75,4.61,broken clouds
166,Chuy,UY,-33.6971,-53.4616,67.5,88,0,9.84,clear sky
167,Wanlaweyn,SO,2.6185,44.8938,79.41,79,61,5.39,broken clouds
168,Quelimane,MZ,-17.8786,36.8883,71.15,93,75,2.46,light rain
169,Murgab,TM,37.4966,61.9714,48.2,61,75,6.91,broken clouds
170,Kodinsk,RU,58.6881,99.1844,31.51,93,100,4.41,overcast clouds
171,Sorkjosen,NO,69.8,20.9333,21.74,90,100,3.09,overcast clouds
172,Dunedin,NZ,-45.8742,170.5036,60.01,66,71,25.99,broken clouds
173,Flores,GT,16.9226,-89.8994,72.34,71,100,3.09,overcast clouds
174,Narsaq,GL,60.9167,-46.05,35.6,93,90,1.14,mist
175,Torbay,CA,47.6666,-52.7314,37.99,93,90,9.22,light rain
176,Verkhnevilyuysk,RU,63.4453,120.3167,-0.27,86,100,6.82,overcast clouds
177,Lixourion,GR,38.2019,20.4314,55.71,74,100,13.69,overcast clouds
178,Qaqortoq,GL,60.7167,-46.0333,35.6,93,90,1.14,mist
179,Pimentel,PE,-6.8367,-79.9342,71.01,83,78,3.0,broken clouds
180,Sovetskaya,RU,44.7769,41.1722,47.84,89,100,6.26,light rain
181,Coquimbo,CL,-29.9533,-71.3436,59.0,72,0,6.91,clear sky
182,Skagen,DK,57.7209,10.5839,42.01,68,1,38.99,clear sky
183,San Quintin,MX,30.4833,-115.95,62.76,72,9,14.18,clear sky
184,Nouadhibou,MR,20.931,-17.0347,64.4,77,0,14.97,clear sky
185,Bara,NG,10.3744,10.7288,76.57,16,14,7.07,few clouds
186,Yangmei,CN,24.1023,112.5618,65.17,73,75,3.29,broken clouds
187,Vestmannaeyjar,IS,63.4427,-20.2734,20.89,56,31,25.41,scattered clouds
188,Sao Miguel Do Araguaia,BR,-13.275,-50.1628,72.61,90,53,5.26,broken clouds
189,Nago,JP,26.5881,127.9761,71.6,60,75,19.57,broken clouds
190,Yulara,AU,-25.2406,130.9889,80.6,26,0,16.11,clear sky
191,Deyang,CN,31.1302,104.382,63.0,68,100,3.78,overcast clouds
192,Yakeshi,CN,49.2833,120.7333,39.74,40,59,18.19,broken clouds
193,Saldanha,ZA,-33.0117,17.9442,60.8,88,13,5.75,few clouds
194,Saumur,FR,47.3333,-0.25,37.99,93,4,6.11,clear sky
195,Ginir,ET,7.1333,40.7,57.7,77,12,3.76,few clouds
196,Tura,IN,25.5198,90.2201,82.22,22,0,3.98,clear sky
197,The Valley,AI,18.217,-63.0578,78.8,73,20,6.91,few clouds
198,San Patricio,US,28.017,-97.5169,71.6,77,75,11.5,broken clouds
199,Datong,CN,40.0936,113.2914,49.82,39,100,2.33,light rain
200,Altamira,BR,-3.2033,-52.2064,74.1,95,72,3.2,broken clouds
201,Wanning,CN,18.8003,110.3967,80.46,75,28,9.37,scattered clouds
202,Cururupu,BR,-1.8283,-44.8683,75.25,96,98,4.21,overcast clouds
203,Jizan,SA,17.3333,42.6667,80.6,78,0,3.44,clear sky
204,Touros,BR,-5.1989,-35.4608,77.0,88,20,6.91,few clouds
205,Klamath Falls,US,42.2249,-121.7817,57.2,44,1,19.57,clear sky
206,Beyneu,KZ,45.3167,55.2,45.48,81,13,8.21,few clouds
207,Narasannapeta,IN,18.4167,84.05,81.7,76,1,2.59,clear sky
208,Cheremukhovo,RU,60.3484,59.9851,31.1,98,100,3.0,light snow
209,Chachapoyas,PE,-6.2317,-77.869,52.27,94,98,3.65,overcast clouds
210,Nanortalik,GL,60.1432,-45.2371,33.55,89,71,5.46,broken clouds
211,Sergeyevka,KZ,53.88,67.4158,29.8,98,100,6.98,overcast clouds
212,Birjand,IR,32.8663,59.2211,35.6,38,0,6.91,clear sky
213,Bafata,GW,12.1667,-14.75,75.24,61,95,5.3,overcast clouds
214,Tessalit,ML,20.1986,1.0114,78.37,7,72,10.89,broken clouds
215,Longyearbyen,SJ,78.2186,15.6401,23.0,63,75,25.32,broken clouds
216,Boyolangu,ID,-8.1181,111.8935,79.57,84,100,4.07,overcast clouds
217,Alice Springs,AU,-23.7,133.8833,84.0,32,0,8.05,clear sky
218,Los Llanos De Aridane,ES,28.6585,-17.9182,66.2,63,90,4.61,overcast clouds
219,Bhadrachalam,IN,17.6667,80.8833,82.85,66,34,6.24,scattered clouds
220,Lufilufi,WS,-13.8745,-171.5986,87.8,79,40,13.8,moderate rain
221,Sambava,MG,-14.2667,50.1667,75.54,89,92,4.52,overcast clouds
222,Bose,IT,45.4612,8.0137,45.0,77,64,2.28,broken clouds
223,Opunake,NZ,-39.4556,173.8583,66.99,75,100,11.99,overcast clouds
224,Hamilton,US,39.1834,-84.5333,60.8,41,40,3.44,scattered clouds
225,Kavaratti,IN,10.5669,72.642,82.27,68,100,11.95,overcast clouds
226,Carhuamayo,PE,-10.9167,-76.0333,37.96,96,100,3.98,overcast clouds
227,Homer,US,59.6425,-151.5483,37.4,70,1,25.32,clear sky
228,Nabire,ID,-3.3667,135.4833,87.1,61,18,4.21,few clouds
229,Margate,GB,51.3813,1.3862,46.99,70,58,5.01,broken clouds
230,Wanaka,NZ,-44.7,169.15,61.0,71,26,5.01,scattered clouds
231,Mabaruma,GY,8.2,-59.7833,73.02,99,97,2.44,overcast clouds
232,Sao Joao Da Barra,BR,-21.6403,-41.0511,72.72,83,97,8.46,overcast clouds
233,Lompoc,US,34.6391,-120.4579,55.4,71,100,13.8,overcast clouds
234,Panama City,PA,8.9936,-79.5197,79.0,78,75,6.91,broken clouds
235,Burnie,AU,-41.0667,145.9167,68.0,52,0,8.01,clear sky
236,Kazanskaya,RU,45.4106,40.4361,50.29,80,100,8.7,moderate rain
237,Kamennogorsk,RU,60.9545,29.1339,36.0,76,100,5.01,overcast clouds
238,Bonthe,SL,7.5264,-12.505,78.08,92,27,5.26,scattered clouds
239,Praia Da Vitoria,PT,38.7333,-27.0667,59.0,100,75,9.22,broken clouds
240,Wukari,NG,7.85,9.7833,80.89,15,44,3.24,scattered clouds
241,Esperance,AU,-33.8667,121.9,68.0,68,47,13.8,scattered clouds
242,Inta,RU,66.0317,60.1659,7.05,99,82,1.57,broken clouds
243,Estevan,CA,49.1334,-102.9842,59.0,24,75,13.8,broken clouds
244,Tailai,CN,46.3833,123.4,58.21,17,5,13.38,clear sky
245,College,US,64.8569,-147.8028,30.2,59,75,16.11,light snow
246,Sokolo,ML,14.7328,-6.1219,85.05,8,7,7.52,clear sky
247,Nizhnevartovsk,RU,60.9344,76.5531,35.6,60,0,11.18,clear sky
248,Kamina,CD,-8.7386,24.9906,64.42,94,100,3.33,overcast clouds
249,Vao,NC,-22.6667,167.4833,76.3,63,38,18.61,scattered clouds
250,Tokat,TR,40.4167,36.5833,43.84,69,100,17.98,overcast clouds
251,Kutum,SD,14.2,24.6667,65.86,13,41,7.54,scattered clouds
252,Aripuana,BR,-9.1667,-60.6333,72.3,98,100,1.81,overcast clouds
253,Lar,IN,26.2039,83.9717,80.4,7,8,1.81,clear sky
254,Half Moon Bay,US,37.4636,-122.4286,55.4,71,1,12.66,clear sky
255,Tazovskiy,RU,67.4667,78.7,31.86,93,100,11.39,overcast clouds
256,Tieli,CN,46.95,128.05,51.84,32,34,13.31,scattered clouds
257,Mount Gambier,AU,-37.8333,140.7667,66.2,52,1,9.22,clear sky
258,Nikolayevsk-Na-Amure,RU,53.1406,140.73,30.54,57,0,7.4,clear sky
259,Tiksi,RU,71.6872,128.8694,-6.29,96,83,2.93,broken clouds
260,Amboasary,MG,-25.0333,46.3833,69.8,94,40,7.25,scattered clouds
261,Tulagi,SB,-9.0996,160.1476,83.79,73,27,8.79,scattered clouds
262,Nome,US,64.5011,-165.4064,5.0,66,1,6.91,clear sky
263,Cintalapa,MX,16.6951,-93.7272,65.71,87,74,6.76,broken clouds
264,Menongue,AO,-14.6585,17.691,58.46,77,39,3.06,scattered clouds
265,Dali,CN,25.7,100.1833,62.47,33,100,4.47,overcast clouds
266,Sayyan,YE,15.1718,44.3244,52.57,26,0,4.83,clear sky
267,Cabedelo,BR,-6.9811,-34.8339,78.8,89,20,4.61,few clouds
268,Chicama,PE,-7.8447,-79.1469,73.87,70,35,2.13,scattered clouds
269,Eskil,TR,38.4017,33.4131,51.96,67,100,15.43,overcast clouds
270,Ola,RU,59.5833,151.2833,20.32,53,100,5.77,overcast clouds
271,Ternate,ID,0.8,127.4,84.33,65,33,6.26,scattered clouds
272,Kendari,ID,-3.945,122.4989,84.99,73,100,1.14,overcast clouds
273,Chirala,IN,15.8167,80.35,83.48,74,98,8.66,overcast clouds
274,Kargasok,RU,59.0556,80.8572,30.87,82,100,10.02,overcast clouds
275,Huangchuan,CN,32.1272,115.0394,51.58,64,100,8.79,overcast clouds
276,Hirado,JP,33.3597,129.5531,60.8,48,75,16.11,broken clouds
277,Selty,RU,57.3132,52.1345,25.9,97,77,5.5,broken clouds
278,Komsomolskiy,UZ,40.4272,71.7189,48.2,81,40,4.61,scattered clouds
279,Port Augusta,AU,-32.5,137.7667,87.01,60,0,11.5,clear sky
280,Gewane,ET,10.1664,40.6453,76.68,41,10,4.94,clear sky
281,Sao Gabriel Da Cachoeira,BR,-0.1303,-67.0892,73.44,98,100,2.35,moderate rain
282,Colesberg,ZA,-30.72,25.0972,62.73,38,0,5.86,clear sky
283,Kanniyakumari,IN,8.0833,77.5667,80.2,74,80,13.58,broken clouds
284,Deputatskiy,RU,69.3,139.9,0.03,89,100,3.83,overcast clouds
285,Noumea,NC,-22.2763,166.4572,86.0,42,0,9.22,clear sky
286,Sydney,AU,-33.8679,151.2073,80.01,78,20,14.97,few clouds
287,Saint-Philippe,RE,-21.3585,55.7679,78.8,69,0,6.91,clear sky
288,Nioro,GM,13.35,-15.75,76.95,50,93,6.55,overcast clouds
289,Tiznit,MA,29.5833,-9.5,54.88,85,65,3.13,broken clouds
290,Muzhi,RU,65.3667,64.6667,25.97,95,100,4.83,overcast clouds
291,Ushtobe,KZ,45.2514,77.9838,50.63,79,100,15.37,overcast clouds
292,Hoyanger,NO,61.2204,6.0749,24.01,91,99,7.0,overcast clouds
293,Souillac,MU,-20.5167,57.5167,80.01,77,9,5.99,clear sky
294,Tshikapa,CD,-6.4167,20.8,69.87,95,100,1.86,overcast clouds
295,Lavrentiya,RU,65.5833,-171.0,5.02,74,17,2.53,few clouds
296,Gazojak,TM,41.1875,61.4036,48.9,54,5,7.14,clear sky
297,Namatanai,PG,-3.6667,152.4333,84.18,70,82,1.12,light rain
298,Andenes,NO,69.3143,16.1194,32.0,74,66,17.27,broken clouds
299,Hohhot,CN,40.8106,111.6522,42.8,81,40,6.71,light rain
300,Kavieng,PG,-2.5744,150.7967,83.05,70,98,3.4,overcast clouds
301,Fernie,CA,49.5,-115.0687,37.4,87,100,5.75,overcast clouds
302,Japura,ID,-0.3167,102.35,83.48,68,100,3.53,overcast clouds
303,Baruun-Urt,MN,46.6806,113.2792,44.6,35,0,8.86,clear sky
304,Asyut,EG,27.181,31.1837,55.4,50,0,9.22,clear sky
305,Yumen,CN,40.2833,97.2,44.04,48,100,3.49,overcast clouds
306,Griffith,US,41.5284,-87.4237,66.2,48,1,6.91,clear sky
307,Port Keats,AU,-14.25,129.55,87.64,48,59,10.04,broken clouds
308,Kyzyl-Suu,KG,42.3414,78.0056,37.65,84,100,1.97,overcast clouds
309,Bonfim,BR,3.0833,-59.95,79.72,77,100,7.54,light rain
310,Vieques,PR,18.425,-65.8329,80.6,69,40,3.44,scattered clouds
311,Richards Bay,ZA,-28.783,32.0377,62.98,86,0,4.0,clear sky
312,Port Hardy,CA,50.6996,-127.4199,44.6,61,20,11.5,few clouds
313,Jalalabad,AF,34.4265,70.4515,59.92,66,15,1.3,few clouds
314,Grand Gaube,MU,-20.0064,57.6608,80.01,77,8,5.99,clear sky
315,Nioki,CD,-2.7167,17.6833,71.55,98,100,2.42,overcast clouds
316,Marquette,US,46.5333,-87.6335,50.0,37,90,11.5,overcast clouds
317,Bougouni,ML,11.417,-7.479,82.8,17,91,4.21,overcast clouds
318,Lerwick,GB,60.1545,-1.1494,28.4,86,75,32.21,light snow
319,Solnechnyy,RU,50.7214,136.6319,40.08,37,14,3.94,few clouds
320,Biak,ID,-0.9131,122.8766,85.91,62,100,1.39,overcast clouds
321,Comodoro Rivadavia,AR,-45.8667,-67.5,66.2,52,0,2.3,clear sky
322,Nizwa,OM,22.9333,57.5333,75.58,27,67,0.92,broken clouds
323,Coracao De Jesus,BR,-16.6853,-44.365,67.42,91,100,6.91,overcast clouds
324,Luderitz,NA,-26.6481,15.1594,67.87,70,35,16.46,scattered clouds
325,Natitingou,BJ,10.3042,1.3796,80.22,15,1,5.35,clear sky
326,Morondava,MG,-20.2833,44.2833,74.62,84,49,8.48,scattered clouds
327,Arlit,NE,18.7369,7.3853,74.86,9,0,8.25,clear sky
328,Zima,RU,53.9202,102.0442,32.36,95,93,0.07,overcast clouds
329,Ancud,CL,-41.8697,-73.8203,55.99,90,100,11.99,overcast clouds
330,Sakaiminato,JP,35.55,133.2333,53.6,50,75,17.27,broken clouds
331,Seryshevo,RU,51.0933,128.3786,35.38,93,100,11.86,overcast clouds
332,Shieli,KZ,44.1667,66.75,46.0,68,97,14.99,overcast clouds
333,Fomboni,KM,-12.28,43.7425,82.4,78,99,11.39,moderate rain
334,Khandyga,RU,62.6667,135.6,1.83,82,57,2.95,broken clouds
335,Vila Velha,BR,-20.3297,-40.2925,77.0,78,75,5.75,broken clouds
336,Darlowo,PL,54.421,16.4107,39.99,84,100,25.7,overcast clouds
337,Tabou,CI,4.423,-7.3528,78.57,88,9,5.08,clear sky
338,Te Anau,NZ,-45.4167,167.7167,57.45,67,87,7.65,overcast clouds
339,Mount Isa,AU,-20.7333,139.5,86.0,42,40,12.66,scattered clouds
340,Batticaloa,LK,7.7102,81.6924,79.83,80,69,3.24,broken clouds
341,Villanueva,HN,15.3167,-88.0,71.01,91,100,2.62,overcast clouds
342,Tautira,PF,-17.7333,-149.15,86.0,70,20,12.66,few clouds
343,Axim,GH,4.8699,-2.2405,78.93,89,100,5.3,overcast clouds
344,Bassar,TG,9.25,0.7833,81.43,37,44,2.8,scattered clouds
345,Sinnamary,GF,5.3833,-52.95,76.86,92,100,9.8,overcast clouds
346,Anadyr,RU,64.75,177.4833,-2.0,71,0,6.71,clear sky
347,Cairns,AU,-16.9167,145.7667,86.0,62,75,12.66,broken clouds
348,Puerto Penasco,MX,31.3167,-113.5333,72.0,63,30,4.0,scattered clouds
349,Catumbela,AO,-12.4314,13.5472,78.94,84,76,3.06,broken clouds
350,Salalah,OM,17.0151,54.0924,77.0,73,0,2.3,clear sky
351,Pangai,TO,-19.8,-174.35,80.6,74,75,6.91,light rain
352,Kidal,ML,18.4411,1.4078,78.49,6,73,5.99,broken clouds
353,Fairbanks,US,64.8378,-147.7164,30.2,59,75,20.71,light snow
354,Huarmey,PE,-10.0681,-78.1522,72.54,78,9,3.47,clear sky
355,Tilichiki,RU,60.4667,166.1,17.96,83,100,13.69,overcast clouds
356,Agadez,NE,19.75,10.25,68.81,12,0,3.29,clear sky
357,Walvis Bay,NA,-22.9575,14.5053,64.0,89,93,5.99,overcast clouds
358,Raga,SS,8.4596,25.678,73.94,20,80,3.42,broken clouds
359,Gopalpur,IN,19.2667,84.9167,80.47,79,1,2.19,clear sky
360,Adrar,MR,20.5022,-10.0711,75.34,12,4,10.71,clear sky
361,Veraval,IN,20.9,70.3667,78.4,73,0,5.79,clear sky
362,Kirando,TZ,-7.4167,30.6,70.93,84,100,6.2,moderate rain
363,Abnub,EG,27.2696,31.1511,55.4,50,0,9.22,clear sky
364,Turukhansk,RU,65.8167,87.9833,32.43,95,100,14.63,overcast clouds
365,Vostok,RU,46.4856,135.8833,42.04,38,8,7.29,clear sky
366,Thunder Bay,CA,48.4001,-89.3168,42.8,65,75,11.5,broken clouds
367,Agadir,MA,30.4202,-9.5982,55.4,94,4,5.75,clear sky
368,Tulu Bolo,ET,8.6667,38.2167,58.82,58,23,3.42,few clouds
369,Egvekinot,RU,66.3167,-179.1667,-1.43,82,20,3.06,few clouds
370,Okha,RU,53.5739,142.9478,21.88,66,5,11.27,clear sky
371,Pishin,PK,30.5803,66.9961,62.22,50,100,1.9,overcast clouds
372,Morgan City,US,29.6994,-91.2068,61.0,88,1,1.41,clear sky
373,Atascadero,US,35.4894,-120.6707,62.01,68,98,4.0,overcast clouds
374,Castro,BR,-24.7911,-50.0119,56.7,98,64,8.12,broken clouds
375,Tromso,NO,69.6496,18.957,26.6,68,20,3.44,few clouds
376,Saint-Augustin,CA,51.226,-58.6502,35.92,99,100,19.75,overcast clouds
377,Tual,ID,-5.6667,132.75,83.8,72,32,5.97,scattered clouds
378,Vernon,CA,50.2581,-119.2691,48.0,39,51,5.75,broken clouds
379,Nizhneangarsk,RU,55.7833,109.55,21.56,83,67,2.06,broken clouds
380,Kaiyuan,CN,23.6977,103.3037,59.54,87,100,2.24,overcast clouds
381,Zhigansk,RU,66.7697,123.3711,-5.3,91,100,7.63,overcast clouds
382,Jibuti,DJ,11.5,42.5,77.0,83,1,6.42,haze
383,Bandarbeyla,SO,9.4942,50.8122,76.37,83,100,2.33,overcast clouds
384,Karak,JO,31.1667,35.75,44.6,53,0,8.21,clear sky
385,Pontal Do Parana,BR,-25.6533,-48.5128,60.01,99,43,1.63,scattered clouds
386,Creel,MX,27.75,-107.6333,55.72,31,79,4.85,broken clouds
387,Salinopolis,BR,-0.6136,-47.3561,77.74,88,83,9.08,broken clouds
388,Bam,IR,29.106,58.357,59.72,17,66,6.31,broken clouds
389,Palmer,US,42.1584,-72.3287,50.0,34,20,10.36,few clouds
390,Salinas,US,36.6777,-121.6555,55.4,67,1,13.8,clear sky
391,Bergen,NO,60.392,5.328,28.4,93,75,6.91,snow
392,Lima,PE,-12.0432,-77.0282,75.2,69,0,5.75,clear sky
393,San Jose,US,37.3394,-121.895,57.99,67,75,12.66,broken clouds
394,Hofn,IS,64.2539,-15.2082,18.41,58,1,23.11,clear sky
395,Berlevag,NO,70.8578,29.0864,34.54,84,100,9.98,overcast clouds
396,Rocha,UY,-34.4833,-54.3333,63.03,97,6,6.42,clear sky
397,Sitka,US,57.0531,-135.33,39.2,93,90,11.5,light rain
398,Ivanovka,KG,42.8878,75.085,44.6,93,75,4.47,broken clouds
399,Chiredzi,ZW,-21.05,31.6667,64.26,90,0,2.73,clear sky
400,Booue,GA,-0.0921,11.9385,74.32,94,98,1.66,overcast clouds
401,Jabinyanah,TN,35.035,10.9081,60.8,82,40,8.05,scattered clouds
402,Kontagora,NG,10.3999,5.4695,78.53,14,19,4.52,few clouds
403,Erding,DE,48.306,11.9069,35.01,80,0,3.44,clear sky
404,Dudinka,RU,69.4058,86.1778,17.06,95,100,12.12,light snow
405,Imbituba,BR,-28.24,-48.6703,68.0,88,20,2.3,few clouds
406,Sur,OM,22.5667,59.5289,83.01,39,5,4.92,clear sky
407,Bambanglipuro,ID,-7.95,110.2833,78.53,84,100,3.0,overcast clouds
408,San Antonio,US,29.4241,-98.4936,72.0,56,90,4.61,overcast clouds
409,Iringa,TZ,-7.7667,35.7,58.39,94,98,3.91,overcast clouds
410,Kanzaki,JP,33.3,130.3667,61.0,54,75,19.57,broken clouds
411,Ust-Omchug,RU,61.15,149.6333,10.78,64,100,6.08,overcast clouds
412,Ustyuzhna,RU,58.8394,36.4321,30.02,92,89,10.2,overcast clouds
413,Nyurba,RU,63.2842,118.3319,-0.65,86,94,7.11,overcast clouds
414,Tuatapere,NZ,-46.1333,167.6833,57.0,58,93,25.99,overcast clouds
415,Manavgat,TR,36.7867,31.4431,60.01,88,75,5.75,broken clouds
416,Bay Saint Louis,US,30.3088,-89.33,59.0,77,1,4.61,clear sky
417,Mushie,CD,-3.0167,16.9,73.38,97,100,2.51,overcast clouds
418,Manbij,SY,36.5281,37.9549,48.2,71,0,7.81,clear sky
419,Luwuk,ID,-0.9516,122.7875,89.11,61,99,0.87,overcast clouds
420,Mapiripan,CO,2.8892,-72.1256,73.78,97,100,5.14,moderate rain
421,Faya,SA,18.3851,42.4509,59.0,51,0,4.61,clear sky
422,Quatre Cocos,MU,-20.2078,57.7625,80.01,76,18,7.0,few clouds
423,Ballina,AU,-28.8667,153.5667,71.6,94,75,8.05,broken clouds
424,Mangrol,IN,21.1167,70.1167,78.85,71,0,4.38,clear sky
425,Qiqihar,CN,47.3408,123.9672,56.68,25,93,15.05,overcast clouds
426,Groningen,NL,53.25,6.75,46.0,87,90,17.27,light rain
427,Riverton,US,40.5219,-111.9391,68.0,32,1,5.75,clear sky
428,Jiwani,PK,25.05,61.7417,79.93,78,0,10.89,clear sky
429,Matagami,CA,49.7502,-77.6328,30.2,86,75,3.44,broken clouds
430,La Rioja,ES,42.25,-2.5,37.4,87,0,8.05,clear sky
431,Pinawa,CA,50.1489,-95.8811,46.38,73,98,9.26,overcast clouds
432,Sibolga,ID,1.7427,98.7792,81.3,76,100,0.25,overcast clouds
433,Grindavik,IS,63.8424,-22.4338,19.4,58,75,16.11,broken clouds
434,Bontang,ID,0.1333,117.5,81.81,79,99,3.0,overcast clouds
435,Clyde River,CA,70.4692,-68.5914,-14.8,76,40,9.22,scattered clouds
436,Corinto,GR,37.9407,22.9573,61.0,66,100,1.01,overcast clouds
437,Aguimes,ES,27.9054,-15.4461,64.4,63,40,9.22,scattered clouds
438,Aktash,RU,50.3,87.7333,18.16,59,0,4.88,clear sky
439,Pavia,IT,45.1845,9.1615,46.99,65,11,1.99,few clouds
440,Eureka,US,40.8021,-124.1637,51.01,83,93,3.0,overcast clouds
441,Port Alberni,CA,49.2413,-124.8028,52.0,52,0,1.99,clear sky
442,Vila Franca Do Campo,PT,37.7167,-25.4333,59.0,94,75,8.05,broken clouds
443,Acapulco,MX,16.8634,-99.8901,80.6,78,1,6.91,clear sky
444,Zhanaozen,KZ,43.3,52.8,44.44,86,1,7.14,clear sky
445,Jacqueville,CI,5.2052,-4.4146,84.2,84,20,6.91,few clouds
446,Xam Nua,LA,20.4197,104.0439,69.46,89,95,3.29,overcast clouds
447,Shizunai,JP,42.3339,142.3669,38.12,92,100,3.89,overcast clouds
448,Palu,ID,-0.8917,119.8707,89.17,55,59,2.86,broken clouds
449,Milkovo,RU,54.7167,158.6167,34.65,71,86,6.78,overcast clouds
450,Peniche,PT,39.3558,-9.3811,54.0,91,0,7.87,clear sky
451,Ixtapa,MX,20.7,-105.2,75.99,88,1,4.61,clear sky
452,Sangar,RU,63.9242,127.4739,-3.89,92,100,4.34,overcast clouds
453,Crateus,BR,-5.1783,-40.6775,75.52,74,87,0.78,overcast clouds
454,Itaituba,BR,-4.2761,-55.9836,75.81,89,87,2.42,overcast clouds
455,Tucumcari,US,35.1717,-103.725,71.6,26,1,10.36,clear sky
456,Xingyi,CN,24.1877,102.817,53.6,86,100,2.24,overcast clouds
457,Alanya,TR,36.5438,31.9998,50.0,93,0,6.91,clear sky
458,Evanston,US,42.0411,-87.6901,66.2,37,40,9.22,scattered clouds
459,Kuroiso,JP,36.9667,140.05,46.4,81,75,23.02,broken clouds
460,Basmat,IN,19.3167,77.1667,85.01,15,3,2.86,clear sky
461,Portland,US,45.5234,-122.6762,53.01,37,40,17.27,scattered clouds
462,Chapada Dos Guimaraes,BR,-15.4606,-55.7497,75.2,88,75,5.75,broken clouds
463,Haines Junction,CA,60.7522,-137.5108,41.0,45,100,4.61,overcast clouds
464,Semporna,MY,4.4818,118.6112,78.8,89,20,3.44,few clouds
465,Kafue,ZM,-15.7691,28.1814,62.6,82,0,2.3,clear sky
466,Terra Boa,BR,-23.7681,-52.4442,65.62,71,43,5.57,light rain
467,Pangnirtung,CA,66.1451,-65.7125,-1.32,74,23,8.39,few clouds
468,Ossora,RU,59.2353,163.0719,21.7,85,100,18.81,overcast clouds
469,Pasighat,IN,28.0667,95.3333,79.3,29,32,1.41,scattered clouds
470,Moose Factory,CA,51.2585,-80.6094,26.6,93,1,2.3,clear sky
471,Sao Jose Da Coroa Grande,BR,-8.8978,-35.1478,78.49,82,14,8.39,few clouds
472,Banda Aceh,ID,5.5577,95.3222,82.44,72,100,8.48,overcast clouds
473,Den Helder,NL,52.9599,4.7593,46.4,76,90,24.16,overcast clouds
474,Fagernes,NO,60.9858,9.2324,12.99,72,52,5.99,broken clouds
475,Dhidhdhoo,MV,6.8833,73.1,82.65,70,56,10.94,broken clouds
476,Petropavlovsk-Kamchatskiy,RU,53.0452,158.6483,37.4,56,75,4.47,light snow
477,Marilia,BR,-22.2139,-49.9458,65.77,72,96,10.45,overcast clouds
478,Broken Hill,AU,-31.95,141.4333,80.6,32,0,14.97,clear sky
479,Mehamn,NO,71.0357,27.8492,34.92,94,100,6.71,overcast clouds
480,Hoi An,VN,15.8794,108.335,84.2,65,40,2.3,scattered clouds
481,Lardos,GR,36.0942,28.0157,62.6,82,40,16.11,scattered clouds
482,La Asuncion,VE,11.0333,-63.8628,80.6,61,21,12.66,few clouds
483,Eirunepe,BR,-6.6603,-69.8736,72.95,98,100,1.99,overcast clouds
484,Mitsamiouli,KM,-11.3847,43.2844,82.09,73,94,5.21,overcast clouds
485,Stryn,NO,61.9045,6.7226,19.99,94,100,3.98,light snow
486,Isangel,VU,-19.55,169.2667,79.92,61,31,15.55,scattered clouds
487,Teguise,ES,29.0605,-13.564,62.6,67,0,9.22,clear sky
488,Meiktila,MM,20.8667,95.8667,78.24,47,98,0.69,overcast clouds
489,Punta Alta,AR,-38.8759,-62.0736,69.17,62,2,13.87,clear sky
490,Port Hedland,AU,-20.3167,118.5667,96.8,16,67,9.22,broken clouds
491,Yar-Sale,RU,66.8333,70.8333,32.56,99,100,7.58,light snow
492,San Juan,AR,-31.5375,-68.5364,77.85,46,97,11.14,overcast clouds
493,Cockburn Town,TC,21.4612,-71.1419,73.87,72,100,24.96,overcast clouds
494,Troitskoye,RU,52.9821,84.6757,31.87,98,76,7.27,broken clouds
495,Riachao Das Neves,BR,-11.7461,-44.91,76.12,58,31,1.48,scattered clouds
496,Gizo,SB,-8.103,156.8419,84.56,73,89,7.56,light rain
497,Shar,KZ,49.5886,81.0453,38.28,52,17,10.18,few clouds
498,Jacareacanga,BR,-6.2222,-57.7528,78.58,78,100,1.7,overcast clouds
499,Eidsvag,NO,62.7767,8.0668,32.0,93,75,14.97,light snow
500,Otane,NZ,-39.8833,176.6333,80.01,41,100,5.01,overcast clouds
501,Dingle,PH,10.9995,122.6711,86.29,55,100,11.52,overcast clouds
502,Pueblo,US,38.2545,-104.6091,70.0,16,1,9.22,clear sky
503,Laguna,US,38.421,-121.4238,64.0,51,1,10.36,clear sky
504,Amapa,BR,1.0,-52.0,72.72,99,100,1.5,light rain
505,Naze,JP,28.3667,129.4833,66.2,72,75,20.71,broken clouds
506,Coahuayana,MX,18.7333,-103.6833,72.68,73,34,1.07,scattered clouds
507,Buala,SB,-8.145,159.5921,85.17,72,98,3.24,light rain
508,Campoverde,PE,-8.4753,-74.8058,78.8,94,40,4.61,scattered clouds
509,Port Hawkesbury,CA,45.6169,-61.3485,37.99,100,90,9.22,fog
510,Sobrance,SK,48.7445,22.1814,26.01,70,13,2.04,few clouds
511,Wiesmoor,DE,53.4167,7.7333,45.0,81,100,19.57,overcast clouds
512,Port Blair,IN,11.6667,92.75,82.67,71,5,6.96,clear sky
513,Belyy Yar,RU,53.6039,91.3903,35.6,64,83,2.24,smoke
514,Ostrovnoy,RU,68.0531,39.5131,33.48,90,100,18.54,overcast clouds
515,Trapani,IT,37.8333,12.6667,60.01,87,0,5.75,clear sky
516,Ponta Delgada,PT,37.7333,-25.6667,59.0,94,75,8.05,broken clouds
517,Doaba,PK,33.4244,70.7364,61.84,49,81,2.35,broken clouds
518,Yerbogachen,RU,61.2767,108.0108,3.87,80,33,2.95,scattered clouds
519,Alofi,NU,-19.0595,-169.9187,77.0,88,100,10.36,light rain
520,Atherton,GB,53.5237,-2.4935,44.01,53,100,21.0,overcast clouds
521,Pacific Grove,US,36.6177,-121.9166,54.0,81,100,1.99,overcast clouds
522,Iralaya,HN,15.0,-83.2333,75.74,86,29,11.95,scattered clouds
523,Kurumkan,RU,54.3,110.3,34.23,52,38,6.44,scattered clouds
524,Chkalovsk,RU,56.7647,43.2433,30.2,86,40,4.47,light snow
525,Zephyrhills,US,28.2336,-82.1812,64.0,59,1,5.99,clear sky
526,Varlamovo,RU,53.1897,48.4226,28.96,96,19,4.27,few clouds
527,Ios,GR,36.7333,25.2833,64.4,59,100,4.61,overcast clouds
528,Inhambane,MZ,-23.865,35.3833,66.97,81,0,5.93,clear sky
529,Storsteinnes,NO,69.2408,19.2344,26.6,93,20,2.75,few clouds
530,Chapayevka,UA,47.4711,36.3451,36.07,96,100,5.32,overcast clouds
531,Coos Bay,US,43.3665,-124.2179,52.0,66,1,28.77,clear sky
532,Taft,IR,31.7471,54.2088,50.0,22,0,6.91,clear sky
533,Catamarca,AR,-28.4696,-65.7852,73.99,83,40,8.01,scattered clouds
534,Fort Nelson,CA,58.8053,-122.7002,48.2,21,40,5.75,scattered clouds
535,Cabo San Lucas,MX,22.8909,-109.9124,84.2,21,1,11.5,clear sky
536,Xudat,AZ,41.631,48.681,48.78,56,0,3.51,clear sky
537,Sheridan,US,44.8333,-106.9173,60.8,25,1,5.75,clear sky
538,Svetlyy,RU,54.675,20.1347,41.0,75,75,13.42,broken clouds
539,Laranjeiras Do Sul,BR,-25.4078,-52.4161,60.96,76,88,4.38,overcast clouds
540,Havre-Saint-Pierre,CA,50.2334,-63.5986,39.2,93,90,11.5,overcast clouds
541,Shelburne,CA,44.0787,-80.2041,41.0,59,96,5.79,overcast clouds
542,Holme,DK,56.1138,10.1725,39.2,81,75,20.71,broken clouds
543,Westport,US,41.1415,-73.3579,53.6,35,1,8.05,clear sky
544,Port Lincoln,AU,-34.7333,135.8667,68.38,64,0,10.98,clear sky
545,Paredon,MX,16.0333,-93.8667,80.58,53,30,19.06,scattered clouds
546,Abha,SA,18.2164,42.5053,59.0,51,0,4.61,clear sky
547,Bud,US,39.447,-86.1758,60.01,58,100,7.0,overcast clouds
548,Lichinga,MZ,-13.3128,35.2406,62.6,100,75,14.97,broken clouds
549,Piacabucu,BR,-10.4056,-36.4344,77.76,84,7,8.21,clear sky
550,Belmonte,BR,-15.8631,-38.8828,77.0,83,0,3.44,clear sky
551,Manokwari,ID,-0.8667,134.0833,82.58,75,100,1.86,overcast clouds
552,Porgera,PG,-5.4667,143.2,53.83,59,97,2.35,overcast clouds
553,Bilma,NE,18.6853,12.9164,72.55,10,0,6.17,clear sky
554,Khash,IR,28.2211,61.2158,58.1,27,20,4.14,few clouds
555,Barda,AZ,40.3744,47.1267,50.41,68,0,0.69,clear sky
556,Tootsi,EE,58.5781,24.7925,39.0,92,100,5.99,overcast clouds
557,Bako,ET,5.7833,36.5667,65.91,70,35,3.24,scattered clouds
558,Taoudenni,ML,22.6783,-3.9836,81.07,7,87,10.98,overcast clouds
559,Mayo,US,38.8876,-76.5119,57.99,47,1,11.92,clear sky
560,Pocone,BR,-16.2567,-56.6228,73.96,84,11,3.58,few clouds
561,Plymouth,US,41.8334,-70.8328,51.8,30,1,12.66,clear sky
562,Itajuba,BR,-22.4256,-45.4528,60.12,97,13,4.05,few clouds
563,Marang,MY,5.2056,103.2059,82.85,79,59,4.52,broken clouds
564,Tomatlan,MX,19.9333,-105.25,71.56,73,60,2.89,broken clouds
565,Antalaha,MG,-14.9003,50.2788,73.78,87,100,4.29,overcast clouds
566,Smolenka,RU,52.1352,113.4974,37.4,38,1,13.42,clear sky
567,Shenjiamen,CN,29.9576,122.298,53.56,57,0,16.89,clear sky
568,Labuan,MY,5.2767,115.2417,80.6,89,40,6.91,scattered clouds
569,Belaya Gora,RU,68.5333,146.4167,7.07,84,100,8.16,overcast clouds
570,Hammerfest,NO,70.6634,23.6821,28.4,86,75,5.75,light snow
571,Teluknaga,ID,-6.0989,106.6381,82.4,78,40,9.22,light rain
572,Alyangula,AU,-13.8483,136.4192,86.23,43,20,6.38,few clouds
573,Yarmouth,US,41.7057,-70.2286,51.8,37,1,12.66,clear sky
574,Tiarei,PF,-17.5333,-149.3333,86.0,70,20,12.66,few clouds
575,Miandrivazo,MG,-19.5167,45.4667,73.29,92,33,2.46,scattered clouds
576,Saint George,US,37.1041,-113.5841,80.01,7,1,8.05,clear sky
577,Guasdualito,VE,7.2424,-70.7324,80.6,83,100,1.14,overcast clouds
578,Plettenberg Bay,ZA,-34.0527,23.3716,64.35,97,100,8.61,light rain
579,Colares,PT,38.7992,-9.4469,57.99,72,0,9.01,clear sky
580,Washougal,US,45.5826,-122.3534,51.8,37,40,17.27,scattered clouds
581,Greytown,ZA,-29.0642,30.5928,54.57,92,0,2.71,clear sky
582,Tsubata,JP,36.6667,136.7333,51.01,79,85,11.99,overcast clouds
583,Karaton,ID,-6.3424,106.1045,82.99,78,40,9.22,light rain
584,Lagos,NG,6.5833,3.75,84.2,84,40,4.61,scattered clouds
585,Sakakah,SA,29.9697,40.2064,53.6,20,0,4.97,clear sky
586,El Campo,US,29.1966,-96.2697,64.99,68,40,5.75,scattered clouds
587,Anloga,GH,5.7947,0.8973,82.4,89,40,10.36,scattered clouds
588,Toamasina,MG,-18.1667,49.3833,75.2,94,20,4.83,few clouds
589,Kukurecani,MK,41.0956,21.3256,45.0,99,75,4.0,broken clouds
590,Namibe,AO,-15.1961,12.1522,79.48,79,33,7.45,scattered clouds
591,Borba,BR,-4.3878,-59.5939,77.34,83,87,1.5,overcast clouds
592,Areia Branca,BR,-4.9561,-37.1369,79.21,76,80,15.86,broken clouds
593,Lebowakgomo,ZA,-24.2,29.5,59.0,77,0,5.75,clear sky
594,San Pedro,PH,14.35,121.0167,86.0,66,75,4.61,broken clouds
595,Conway,US,35.0887,-92.4421,64.99,63,90,6.91,overcast clouds
596,Moengo,SR,5.6167,-54.4,74.82,96,100,2.8,light rain
597,Lao Cai,VN,22.4833,103.95,70.32,97,100,0.45,overcast clouds
598,Philadelphia,US,39.9523,-75.1638,59.0,31,1,18.41,clear sky
599,Mortka,RU,59.3322,66.0214,33.15,98,100,5.93,overcast clouds
600,Tagusao,PH,9.1924,117.8141,84.52,63,73,8.21,broken clouds
601,Aklavik,CA,68.2191,-135.0107,21.2,68,73,6.91,broken clouds
602,Pak Phanang,TH,8.3511,100.202,84.2,84,20,2.3,few clouds
603,Nakasongola,UG,1.3089,32.4564,65.61,93,100,4.5,overcast clouds
604,Erenhot,CN,43.6475,111.9767,47.23,14,100,2.19,overcast clouds
605,Vanimo,PG,-2.6741,141.3028,87.89,63,79,0.63,broken clouds
606,Madera,US,37.1666,-119.8343,64.0,65,100,4.45,overcast clouds
607,Dunhua,CN,43.3725,128.2425,52.56,20,0,11.43,clear sky
608,Fort Frances,CA,48.5999,-93.4003,53.6,32,1,5.75,clear sky
609,Pundri,IN,29.75,76.55,79.65,21,34,6.53,scattered clouds
610,Reshetnikovo,RU,56.45,36.5667,30.92,84,89,8.37,overcast clouds
611,Lasa,IT,46.6166,10.7002,37.99,74,0,4.61,clear sky
612,Malaya Serdoba,RU,52.4661,44.9512,26.37,93,15,4.97,light snow
613,Chenzhou,CN,25.8,113.0333,55.49,91,100,3.02,overcast clouds
614,Canutama,BR,-6.5339,-64.3831,74.79,96,100,1.45,overcast clouds
615,Hirara,JP,24.8,125.2833,71.6,56,40,12.66,scattered clouds
616,Aykhal,RU,66.0,111.5,-5.06,91,96,5.5,overcast clouds
617,Douentza,ML,14.9951,-2.9517,78.55,7,0,2.13,clear sky
618,Juneau,US,58.3019,-134.4197,39.2,81,90,17.27,snow
619,Saint-Joseph,RE,-21.3667,55.6167,77.0,69,0,6.91,clear sky
620,Nantucket,US,41.2835,-70.0995,46.0,67,30,17.58,scattered clouds
621,Yulin,CN,22.6333,110.15,71.37,70,100,5.26,overcast clouds
622,Natal,BR,-5.795,-35.2094,80.6,78,40,6.91,scattered clouds
623,Mayahi,NE,13.9553,7.6712,73.99,10,0,9.66,clear sky
624,Gornozavodsk,RU,58.3758,58.3211,29.41,96,100,8.77,light snow
625,Chapais,CA,49.7834,-74.8492,32.0,74,1,4.61,clear sky
626,Rayachoti,IN,14.05,78.75,80.24,69,8,3.24,clear sky
627,Puerto Escondido,MX,15.85,-97.0667,79.07,73,76,0.54,broken clouds
628,Boa Vista,BR,2.8197,-60.6733,78.8,83,75,6.91,light rain
629,Gwadar,PK,25.1216,62.3254,78.19,75,1,5.77,clear sky
630,Rockport,US,28.0206,-97.0544,70.0,83,1,10.36,clear sky
631,Saint-Denis,FR,48.9167,2.3333,39.99,87,0,3.44,clear sky
632,Williams Lake,CA,52.1415,-122.1445,45.0,60,20,5.75,few clouds
633,Chai Nat,TH,15.1167,100.1,82.99,80,98,8.28,overcast clouds
634,Anori,BR,-3.7728,-61.6442,74.5,95,99,1.36,overcast clouds
635,Urengoy,RU,65.9667,78.3667,32.41,99,100,10.69,overcast clouds
636,Brigantine,US,39.4101,-74.3646,48.99,76,1,3.44,clear sky
637,Lomovka,RU,53.9194,58.3672,33.8,75,90,17.9,overcast clouds
638,Kununurra,AU,-15.7667,128.7333,93.2,33,4,11.5,clear sky
639,Paamiut,GL,61.994,-49.6678,36.34,85,100,19.93,overcast clouds
640,Taizhou,CN,32.4933,119.9106,56.19,40,36,8.1,scattered clouds
641,Selma,US,36.5708,-119.6121,73.4,38,75,5.75,broken clouds
642,Husavik,IS,66.0449,-17.3389,17.6,57,90,11.5,overcast clouds
643,Marawi,PH,7.9986,124.2928,82.99,79,100,5.01,overcast clouds
644,Karasuk,RU,53.7377,78.0403,28.71,75,100,14.07,overcast clouds
645,Surt,LY,31.2089,16.5887,71.47,28,58,11.07,broken clouds
646,Necochea,AR,-38.5473,-58.7368,61.0,85,0,5.99,clear sky
647,Laiyang,CN,36.9758,120.7136,59.86,25,8,2.53,clear sky
648,Aktau,KZ,43.65,51.2,46.4,93,90,13.42,overcast clouds
649,Augusto Correa,BR,-1.0217,-46.635,74.62,96,97,3.0,overcast clouds
650,Ugoofaaru,MV,5.6667,73.0,83.61,68,17,12.53,few clouds
651,Baghmara,IN,23.795,86.2085,80.04,38,0,3.91,clear sky
652,Bahia Blanca,AR,-38.7196,-62.2724,70.03,57,0,11.59,clear sky
653,Alcaniz,ES,41.05,-0.1333,45.0,83,0,6.42,clear sky
654,Mocuba,MZ,-16.8392,36.9856,66.0,97,1,3.27,clear sky
655,Gigmoto,PH,13.7796,124.39,84.42,62,46,7.56,scattered clouds
656,Mwinilunga,ZM,-11.7358,24.4293,63.25,92,100,3.76,overcast clouds
657,Shingu,JP,33.7333,135.9833,60.8,59,75,24.16,broken clouds
658,Bathsheba,BB,13.2167,-59.5167,78.8,78,40,13.8,scattered clouds
659,Vanavara,RU,60.34,102.2797,13.55,79,99,8.72,overcast clouds
660,Saint-Leu,RE,-21.15,55.2833,78.8,69,0,6.91,clear sky
661,North Bend,US,43.4065,-124.2243,52.0,66,1,28.77,clear sky
662,Sarahan,IN,31.5167,77.8,51.66,58,5,4.92,clear sky
663,Aksarka,RU,66.5606,67.7975,26.04,97,100,6.51,light snow
664,Sandviken,SE,60.6167,16.7667,33.01,86,100,11.99,snow
665,Xuddur,SO,4.1213,43.8894,73.54,86,45,9.15,scattered clouds
666,Orlik,RU,52.5178,99.825,20.21,78,29,1.95,scattered clouds
667,Mandiana,GN,10.6333,-8.6833,83.28,19,25,2.75,scattered clouds
668,Gueret,FR,46.1667,1.8667,42.8,56,0,4.61,clear sky
669,Trincomalee,LK,8.5711,81.2335,78.35,83,36,4.12,scattered clouds
670,Tall Kayf,TR,37.0833,41.0667,44.6,93,0,2.3,clear sky
671,Kemijarvi,FI,66.7131,27.4306,33.46,97,100,9.1,light snow
672,Pemangkat,ID,1.1667,108.9667,82.35,73,37,5.97,scattered clouds
673,Chipinge,ZW,-20.1883,32.6236,57.99,95,3,2.71,clear sky
674,Dapaong,TG,10.8639,0.205,86.5,11,39,4.54,scattered clouds
675,Sarangani,PH,5.4033,125.4636,82.94,73,100,12.24,overcast clouds
676,Dawson Creek,CA,55.7666,-120.2362,42.8,42,1,10.36,clear sky
677,Rincon,US,32.296,-81.2354,55.4,62,1,4.61,clear sky
678,Goderich,CA,43.7501,-81.7165,33.8,80,72,3.44,broken clouds
679,Zheleznodorozhnyy,RU,55.7503,38.0042,33.01,80,0,4.47,light snow
680,Nebbi,UG,2.4783,31.0889,69.08,84,100,5.86,overcast clouds
681,Zaozerne,UA,45.1582,33.2787,41.0,77,100,13.85,overcast clouds
682,Korsakov,RU,46.6328,142.7813,44.6,31,0,11.18,clear sky
683,Tambopata,PE,-12.7333,-69.1833,72.34,98,100,1.79,overcast clouds
684,Owando,CG,-0.4819,15.8999,72.37,92,100,2.91,overcast clouds
685,Kaeo,NZ,-35.1,173.7833,73.0,61,97,1.01,overcast clouds
686,Kishorganj,BD,24.4333,90.7667,82.26,30,0,4.72,light rain
687,Aksay,RU,47.26,39.87,37.4,93,40,6.71,moderate rain
688,Zanjan,IR,36.6736,48.4787,43.74,43,0,2.8,clear sky
689,Barranca,PE,-10.75,-77.7667,71.92,75,9,2.66,clear sky
